방송명,방송날짜,식당명,주소
맛있는 녀석들,2017년 1월 6일,내호냉면,부산시 남구 우암동 189-671
맛있는 녀석들,2017년 1월 6일,한방장어구이,부산시 해운대구 중동 1396-59
맛있는 녀석들,2017년 1월 13일,김영자 나주곰탕,서울 관악구 신림동 110-6
맛있는 녀석들,2017년 1월 13일,강촌원조쭈꾸미,서울 서초구 양재동 11-6
맛있는 녀석들,2017년 2월 3일,바다회사랑,서울 마포구 서교동 352-1
맛있는 녀석들,2017년 2월 3일,매화반점,서울 광진구 자양4동 5-11
맛있는 녀석들,2017년 2월 10일,디 안다만,서울 서초구 양재동 1-26
맛있는 녀석들,2017년 2월 10일,사당삼겹살,서울 관악구 남현동 1061-13
맛있는 녀석들,2017년 2월 17일,화수목,경기도 성남시 분당구 서현동 273-1번지 대현빌딩 1층
맛있는 녀석들,2017년 2월 17일,야바이,서울 서대문구 창천동 53-20
맛있는 녀석들,2017년 2월 24일,개미집,서울 광진구 화양동 508-2
맛있는 녀석들,2017년 2월 24일,순라길,서울 종로구 서순라길 141
맛있는 녀석들,2017년 3월 3일,등촌최월선칼국수,서울 강서구 등촌동 654-95
맛있는 녀석들,2017년 3월 3일,도셰프,서울 서초구 반포동 707-8
맛있는 녀석들,2017년 3월 10일,현대북어찜,서울 강남구 역삼동 738-11
맛있는 녀석들,2017년 3월 10일,먹깨비,서울 동대문구 장안동 345-1
맛있는 녀석들,2017년 3월 17일,무등산,서울 강남구 청담동 1-15
맛있는 녀석들,2017년 3월 17일,포브라더스,서울 강남구 도곡동 423-5
맛있는 녀석들,2017년 4월 7일,정통부대고기,경기도 의정부시 가능3동 578-19
맛있는 녀석들,2017년 4월 7일,건대통골뱅이,서울 강남구 논현동 143-26
맛있는 녀석들,2017년 4월 14일,청운누룽지백숙,경기 의왕시 학의동 593-1
맛있는 녀석들,2017년 4월 14일,그릭슈바인,서울 강남구 논현동 17
맛있는 녀석들,2017년 4월 21일,수협회센터,전남 완도군 완도읍 가용리 1100-1
맛있는 녀석들,2017년 4월 21일,일억조식당,전남 완도군 완도읍 군내리 1260-1
맛있는 녀석들,2017년 4월 28일,두메향기 산,경기도 양평군 양서면 목왕리 87
맛있는 녀석들,2017년 4월 28일,매봉골 황제능이버섯,경기도 남양주시 화도읍 금남리 511-79
맛있는 녀석들,2017년 5월 5일,진흥관,경기 김포시 양촌면 석모리 1191
맛있는 녀석들,2017년 5월 5일,바람아래돌꽃게장,경기 고양시 일산동구 마두동 862
맛있는 녀석들,2017년 5월 12일,순천만가든,전남 순천시 대대동 40-1
맛있는 녀석들,2017년 5월 12일,남문식당,전남 강진군 강진읍 남성리 137-1
맛있는 녀석들,2017년 5월 19일,보리네 생고깃간,경기 안성시 계동 65-21
맛있는 녀석들,2017년 5월 19일,소문난 잔치국수,서울 노원구 공릉동 571-16
맛있는 녀석들,2017년 5월 26일,경포,경기 성남시 수정구 복정동 38-24
맛있는 녀석들,2017년 5월 26일,미소복 양평해장국,서울 은평구 갈현동 460-18
맛있는 녀석들,2017년 6월 2일,뿌자2,서울 중구 을지로43길 13 4층
맛있는 녀석들,2017년 6월 2일,코리아노스키친,서울 용산구 녹사평대로 40길 46
맛있는 녀석들,2017년 6월 9일,조선김밥,서울 종로구 율곡로1길 78
맛있는 녀석들,2017년 6월 9일,봉청동진순자김밥,서울 관악구 청룡1길 19
맛있는 녀석들,2017년 6월 16일,장하촌,서울 강서구 가양동 238-7
맛있는 녀석들,2017년 6월 16일,매화반점,서울 광진구 자양4동 5-11
맛있는 녀석들,2017년 6월 23일,홍어랑 민어랑,서울 은평구 불광동 281-159
맛있는 녀석들,2017년 6월 23일,박달재 자연식당,서울 서초구 양재동 353-4
맛있는 녀석들,2017년 6월 30일,만복기사식당,서울 마포구 망원동 455-1
맛있는 녀석들,2017년 6월 30일,명가막국수,강원 춘천시 신북읍 천전리 39-7
맛있는 녀석들,2017년 7월 21일,개화옥 등심,서울 강남구 신사동 574-5
맛있는 녀석들,2017년 7월 21일,텍사스 데 브라질,서울 서초구 반포동 118-3
맛있는 녀석들,2017년 7월 28일,한옥집,서울 서대문구 통일로9안길 14
맛있는 녀석들,2017년 7월 28일,우정낙지,서울 종로구 청계천로 17
맛있는 녀석들,2017년 8월 11일,팔팔민물장어,서울 서초구 사평대로 335 금성빌딩
맛있는 녀석들,2017년 8월 11일,황금복국,서울 서초구 서초대로78길 22
맛있는 녀석들,2017년 8월 18일,샘밭막국수,강원도 춘천시 신북읍 신샘밭로 638-9
맛있는 녀석들,2017년 8월 18일,원조숯불닭불고기,강원 춘천시 낙원길 28-4
맛있는 녀석들,2017년 8월 25일,산밑할머니묵집,대전 유성구 관용로 33
맛있는 녀석들,2017년 8월 25일,진로집,대전 중구 중교로 45-5
맛있는 녀석들,2017년 9월 1일,사돈집,강원도 속초시 영랑동 133
맛있는 녀석들,2017년 9월 1일,동명항게찜,강원 속초시 동명동 1-12
맛있는 녀석들,2017년 9월 8일,대동할매국수,경상남도 김해시 대동면 초정리 952-25
맛있는 녀석들,2017년 9월 8일,김정식의 삼일뒷고기,경상남도 김해시 삼문동 97-5
맛있는 녀석들,2017년 9월 15일,속씨원한 대구탕,부산광역시 해운대구 우동 643-5
맛있는 녀석들,2017년 9월 15일,한량,부산광역시 해운대구 우동 1435
맛있는 녀석들,2017년 9월 22일,시오,서울 서대문구 연희로11가길 23
맛있는 녀석들,2017년 9월 22일,샤이바나,서울 중구 세종대로 136
맛있는 녀석들,2017년 9월 29일,원조다래솥뚜껑,경기도 동두천시 삼육사로 980
맛있는 녀석들,2017년 9월 29일,오륙하우스,경기도 동두천시 상패로 210-9
맛있는 녀석들,2017년 10월 6일,백담황태구이,강원도 인제군 북면 백담로 24
맛있는 녀석들,2017년 10월 6일,자작나무집,강원 인제군 인제읍 원남로 1169
맛있는 녀석들,2017년 10월 13일,전주중앙회관,서울 중구 충무로1가 24-11 명동의류
맛있는 녀석들,2017년 10월 13일,메이탄,서울 종로구 교남동 50-1
맛있는 녀석들,2017년 11월 10일,미타우동,서울 송파구 삼전동 3-1 1층
맛있는 녀석들,2017년 11월 10일,도마,서울 종로구 관훈동 15-1
맛있는 녀석들,2017년 11월 17일,텐마루,서울 금천구 디지털로 12길 21
맛있는 녀석들,2017년 11월 17일,라화쿵부,서울 서대문구 연세로11길 8
맛있는 녀석들,2017년 11월 24일,소백산,서울 서초구 양재동 346
맛있는 녀석들,2017년 11월 24일,건대황소곱창,서울 광진구화양동 9-24
맛있는 녀석들,2017년 12월 1일,박승광손칼국수,경기도 김포시 김포한강4로 211-43
맛있는 녀석들,2017년 12월 1일,큰손참붕어찜,경기 김포시 양촌읍 김포대로 1685번길 46
맛있는 녀석들,2017년 12월 8일,나폴레옹 과자점,서울 성북구 성북로 7
맛있는 녀석들,2017년 12월 8일,류재은베이커리,경기도 파주시 탄현면 요풍길 265
맛있는 녀석들,2017년 12월 15일,궁전제과,광주광역시 동구 충장로 93-6
맛있는 녀석들,2017년 12월 15일,크롬방제과,전라남도 목포시 노적봉길 9
맛있는 녀석들,2018년 1월 5일   ,봉산옥,서울 서초구 서초3동 1451-9
맛있는 녀석들,2018년 1월 5일   ,가람떡갈비,서울 용산구 한강로 3가 40-441
맛있는 녀석들,2018년 1월 12일   ,분짜 라붐,서울 서초구 서초대로73길 30
맛있는 녀석들,2018년 1월 12일   ,어메이징 타일랜드,서울 마포구 월드컵북로1길 42
맛있는 녀석들,2018년 2월 2일   ,마음과마음,서울시 용산구 이태원동 557
맛있는 녀석들,2018년 2월 2일   ,교동두부,서울 종로구 관훈동 110
맛있는 녀석들,2018년 2월 9일   ,찌마기,경기도 성남시 분당구 내정로 119번길 9
맛있는 녀석들,2018년 2월 9일   ,제주쉬멍해장국,경기 고양시 일산서구 대산로 356
맛있는 녀석들,2018년 2월 16일   ,오복가정식,서울 마포구 상암동 12-79
맛있는 녀석들,2018년 2월 16일   ,청담골,서울 강남구 청담동 19-17
맛있는 녀석들,2018년 2월 23일   ,서경도락,서울 강남구 도산대로 208
맛있는 녀석들,2018년 2월 23일   ,사람사는 고깃집 김일도,서울 강남구 강남대로 118길26
맛있는 녀석들,2018년 3월 2일   ,하롱베이의 하루,서울 영등포구 여의도동 17
맛있는 녀석들,2018년 3월 2일   ,철길 왕갈비살,서울 마포구 창전동 4-2
맛있는 녀석들,2018년 3월 9일   ,한강껍데기,서울 마포구 망원동 416-33
맛있는 녀석들,2018년 3월 9일   ,김북순큰남비집,서울 강남구 신사동 522
맛있는 녀석들,2018년 3월 16일   ,부암갈비,인천 남동구 용천로 149
맛있는 녀석들,2018년 3월 16일   ,광주식당,서울 동대문구 홍릉로1길 21-6
맛있는 녀석들,2018년 3월 23일   ,마복림떡볶이,서울 중구 신당동 292-112
맛있는 녀석들,2018년 3월 23일   ,나정순할매쭈꾸미,서울 동대문구 용두동 119-20
맛있는 녀석들,2018년 3월 30일   ,주은감자탕,서울 송파구 삼전동 132-14
맛있는 녀석들,2018년 3월 30일   ,이필당,서울 영등포구 양평동4가 77-3
맛있는 녀석들,2018년 4월 6일   ,고향 양꼬치,서울 광진구 동일로18길 101
맛있는 녀석들,2018년 4월 6일   ,시추안하우스,서울 강남구 테헤란로87길 29
맛있는 녀석들,2018년 4월 13일   ,속초 생선찜,서울시 은평구 갈현동 431-1
맛있는 녀석들,2018년 4월 13일   ,전주식당,서울시 종로구 관수동 43-2
맛있는 녀석들,2018년 5월 4일   ,도토리 편백집,서울시 송파구 문정동 641-4 116호
맛있는 녀석들,2018년 5월 4일   ,인디테이블,서울시 중구 남대문로5가 526 대우재단빌딩 1층 1-3호
맛있는 녀석들,2018년 5월 11일   ,자연석돌구이,서울시 강남구 논현동 97-18
맛있는 녀석들,2018년 5월 11일   ,원조남산왕돈가스,서울시 중구 예장동 8-53
맛있는 녀석들,2018년 5월 18일   ,한라국수,제주 서귀포시 중문동 2048-1
맛있는 녀석들,2018년 5월 18일   ,춘심이네,제주 서귀포시안덕면 창천리 160-4
맛있는 녀석들,2018년 5월 25일   ,티마하우스,서울 강남구 논현로 97길 71
맛있는 녀석들,2018년 5월 25일   ,채근담,서울 강남구 역삼로98길 23
맛있는 녀석들,2018년 6월 8일   ,우정 가든,경기도 고양시 덕양구 행주 외동 54-8
맛있는 녀석들,2018년 6월 8일   ,봉구네 고기집,경기도 김포시 양촌읍 석모리 1011-2
맛있는 녀석들,2018년 6월 29일   ,거제 고현 시장,경상남도 거제시 고현동 98-27
맛있는 녀석들,2018년 6월 29일   ,할매우짜,경상남도 통영시 서호동 177-417